"ID","CREDIT_DISBURSEMENT_CODE","CREDIT_APPROVAL_CODE","IS_PROCESS","LN_CODE","TIME_DISBURSEMENT","INSTANCE_DBM","AA_CODE","INSTANCE_AA","DATE_CREATED","LOAN_SUB_CODE","CURRENT_CODE"
780,"DBM220701417","PCA0007895",1,"LN0008192","1","808","","",27-07-2022 10:45:10,"LN0008192","PCA0007895"
770,"DBM220701389","PCA0007876",1,"LN0008171","1","708","AAFAC0000717","709",07-07-2022 15:04:16,"LN0008171","PCA0007876"
775,"DBM220701412","PCA0007882",0,"LN0008178","1","2072.735","AAFAC0000724","736",08-07-2022 13:44:30,"LN0008178","PCA0007882"
781,"DBM220701418","PCA0007897",1,"LN0008194","1","810","","",27-07-2022 10:45:10,"LN0008194","PCA0007897"
782,"DBM220701419","PCA0007896",1,"LN0008193","1","812","","",27-07-2022 10:45:10,"LN0008193","PCA0007896"
809,"DBM220701443","PCA0007932",0,"LN0008232","1","2072.1113","AAFAC0000747","1114",12-07-2022 10:07:17,"LN0008232","PCA0007932"
813,"DBM220701447","PCA0007938",0,"LN0008238","1","2072.1128","AAFAC0000752","1129",12-07-2022 17:48:20,"LN0008238","PCA0007938"
821,"DBM220701455","PCA0007948",1,"LN0008248","1","2072.1481","AAFAC0000808","1620",18-07-2022 10:41:15,"LN0008248","PCA0007948"
825,"DBM220701459","PCA0007968",0,"LN0008271","1","1502","AAFAC0000769","1503",14-07-2022 15:14:56,"LN0008271","PCA0007968"
844,"DBM220701491","PCA0008015",-1,"LN0008335","1","2072.1613","AAFAC0000805","1615",18-07-2022 10:29:23,"LN0008335","PCA0008015"
